state_1->signal_1,state_1->signal_2,state_2->signal_1,state_2->signal_2,signal_1->state_1,signal_1->state_2,signal_2->state_1,signal_2->state_2
0.8273990645424885,0.17260477493403759,0.5279568601972185,0.4719459339176541,0.18431352049932914,0.8156811010816541,0.7797934957906955,0.22018973105997386
0.8273990794436497,0.17260477493403759,0.5279568601972185,0.4719459339176541,0.18431352049932914,0.8156811010816541,0.7797934957906955,0.22018973105997386
0.8273990645424885,0.17260478983519878,0.5279568601972185,0.4719459339176541,0.18431352049932914,0.8156811010816541,0.7797934957906955,0.22018973105997386
0.8273990645424885,0.17260477493403759,0.5279568750983797,0.4719459339176541,0.18431352049932914,0.8156811010816541,0.7797934957906955,0.22018973105997386
0.8273990645424885,0.17260477493403759,0.5279568601972185,0.4719459488188153,0.18431352049932914,0.8156811010816541,0.7797934957906955,0.22018973105997386
0.8273990645424885,0.17260477493403759,0.5279568601972185,0.4719459339176541,0.18431353540049034,0.8156811010816541,0.7797934957906955,0.22018973105997386
0.8273990645424885,0.17260477493403759,0.5279568601972185,0.4719459339176541,0.18431352049932914,0.8156811159828153,0.7797934957906955,0.22018973105997386
0.8273990645424885,0.17260477493403759,0.5279568601972185,0.4719459339176541,0.18431352049932914,0.8156811010816541,0.7797935106918567,0.22018973105997386
0.8273990645424885,0.17260477493403759,0.5279568601972185,0.4719459339176541,0.18431352049932914,0.8156811010816541,0.7797934957906955,0.22018974596113505
0.7962612465731155,0.20374121197387754,0.550037223521783,0.4499005322543059,0.20275245142720008,0.7972441045887538,0.7611484923830445,0.23884076720076283
0.7962612614742767,0.20374121197387754,0.550037223521783,0.4499005322543059,0.20275245142720008,0.7972441045887538,0.7611484923830445,0.23884076720076283
0.7962612465731155,0.20374122687503873,0.550037223521783,0.4499005322543059,0.20275245142720008,0.7972441045887538,0.7611484923830445,0.23884076720076283
0.7962612465731155,0.20374121197387754,0.5500372384229442,0.4499005322543059,0.20275245142720008,0.7972441045887538,0.7611484923830445,0.23884076720076283
0.7962612465731155,0.20374121197387754,0.550037223521783,0.44990054715546707,0.20275245142720008,0.7972441045887538,0.7611484923830445,0.23884076720076283
0.7962612465731155,0.20374121197387754,0.550037223521783,0.4499005322543059,0.20275246632836127,0.7972441045887538,0.7611484923830445,0.23884076720076283
0.7962612465731155,0.20374121197387754,0.550037223521783,0.4499005322543059,0.20275245142720008,0.797244119489915,0.7611484923830445,0.23884076720076283
0.7962612465731155,0.20374121197387754,0.550037223521783,0.4499005322543059,0.20275245142720008,0.7972441045887538,0.7611485072842057,0.23884076720076283
0.7962612465731155,0.20374121197387754,0.550037223521783,0.4499005322543059,0.20275245142720008,0.7972441045887538,0.7611484923830445,0.23884078210192403
0.7492144743046121,0.2507855256953877,0.5658045921013826,0.4341954078986177,0.22724694777546872,0.7727530522245312,0.7385149476422666,0.2614850523577334
0.7492144892057733,0.2507855256953877,0.5658045921013826,0.4341954078986177,0.22724694777546872,0.7727530522245312,0.7385149476422666,0.2614850523577334
0.7492144743046121,0.2507855405965489,0.5658045921013826,0.4341954078986177,0.22724694777546872,0.7727530522245312,0.7385149476422666,0.2614850523577334
0.7492144743046121,0.2507855256953877,0.5658046070025438,0.4341954078986177,0.22724694777546872,0.7727530522245312,0.7385149476422666,0.2614850523577334
0.7492144743046121,0.2507855256953877,0.5658045921013826,0.4341954227997789,0.22724694777546872,0.7727530522245312,0.7385149476422666,0.2614850523577334
0.7492144743046121,0.2507855256953877,0.5658045921013826,0.4341954078986177,0.22724696267662992,0.7727530522245312,0.7385149476422666,0.2614850523577334
0.7492144743046121,0.2507855256953877,0.5658045921013826,0.4341954078986177,0.22724694777546872,0.7727530671256924,0.7385149476422666,0.2614850523577334
0.7492144743046121,0.2507855256953877,0.5658045921013826,0.4341954078986177,0.22724694777546872,0.7727530522245312,0.7385149625434277,0.2614850523577334
0.7492144743046121,0.2507855256953877,0.5658045921013826,0.4341954078986177,0.22724694777546872,0.7727530522245312,0.7385149476422666,0.2614850672588946
0.4749218459522271,0.5250781540477727,0.681967650091877,0.3180323499081225,0.3315213181222648,0.6684786818777351,0.6382845495945818,0.3617154504054183
0.4749218608533883,0.5250781540477727,0.681967650091877,0.3180323499081225,0.3315213181222648,0.6684786818777351,0.6382845495945818,0.3617154504054183
0.4749218459522271,0.5250781689489339,0.681967650091877,0.3180323499081225,0.3315213181222648,0.6684786818777351,0.6382845495945818,0.3617154504054183
0.4749218459522271,0.5250781540477727,0.6819676649930382,0.3180323499081225,0.3315213181222648,0.6684786818777351,0.6382845495945818,0.3617154504054183
0.4749218459522271,0.5250781540477727,0.681967650091877,0.3180323648092837,0.3315213181222648,0.6684786818777351,0.6382845495945818,0.3617154504054183
0.4749218459522271,0.5250781540477727,0.681967650091877,0.3180323499081225,0.331521333023426,0.6684786818777351,0.6382845495945818,0.3617154504054183
0.4749218459522271,0.5250781540477727,0.681967650091877,0.3180323499081225,0.3315213181222648,0.6684786967788963,0.6382845495945818,0.3617154504054183
0.4749218459522271,0.5250781540477727,0.681967650091877,0.3180323499081225,0.3315213181222648,0.6684786818777351,0.638284564495743,0.3617154504054183
0.4749218459522271,0.5250781540477727,0.681967650091877,0.3180323499081225,0.3315213181222648,0.6684786818777351,0.6382845495945818,0.3617154653065795
0.2619826427611454,0.7380173572388546,0.8287232601164168,0.17127673988358308,0.2869772137735627,0.7130227862264373,0.6844301009662191,0.3155698990337808
0.2619826576623066,0.7380173572388546,0.8287232601164168,0.17127673988358308,0.2869772137735627,0.7130227862264373,0.6844301009662191,0.3155698990337808
0.2619826427611454,0.7380173721400158,0.8287232601164168,0.17127673988358308,0.2869772137735627,0.7130227862264373,0.6844301009662191,0.3155698990337808
0.2619826427611454,0.7380173572388546,0.828723275017578,0.17127673988358308,0.2869772137735627,0.7130227862264373,0.6844301009662191,0.3155698990337808
0.2619826427611454,0.7380173572388546,0.8287232601164168,0.17127675478474427,0.2869772137735627,0.7130227862264373,0.6844301009662191,0.3155698990337808
0.2619826427611454,0.7380173572388546,0.8287232601164168,0.17127673988358308,0.2869772286747239,0.7130227862264373,0.6844301009662191,0.3155698990337808
0.2619826427611454,0.7380173572388546,0.8287232601164168,0.17127673988358308,0.2869772137735627,0.7130228011275985,0.6844301009662191,0.3155698990337808
0.2619826427611454,0.7380173572388546,0.8287232601164168,0.17127673988358308,0.2869772137735627,0.7130227862264373,0.6844301158673803,0.3155698990337808
0.2619826427611454,0.7380173572388546,0.8287232601164168,0.17127673988358308,0.2869772137735627,0.7130227862264373,0.6844301009662191,0.315569913934942
0.11034576368898905,0.889654236311011,0.9275265492074016,0.0724734507925984,0.18650247810912174,0.8134975218908788,0.780670726140738,0.21932927385926154
0.11034577859015024,0.889654236311011,0.9275265492074016,0.0724734507925984,0.18650247810912174,0.8134975218908788,0.780670726140738,0.21932927385926154
0.11034576368898905,0.8896542512121722,0.9275265492074016,0.0724734507925984,0.18650247810912174,0.8134975218908788,0.780670726140738,0.21932927385926154
0.11034576368898905,0.889654236311011,0.9275265641085628,0.0724734507925984,0.18650247810912174,0.8134975218908788,0.780670726140738,0.21932927385926154
0.11034576368898905,0.889654236311011,0.9275265492074016,0.07247346569375959,0.18650247810912174,0.8134975218908788,0.780670726140738,0.21932927385926154
0.11034576368898905,0.889654236311011,0.9275265492074016,0.0724734507925984,0.18650249301028293,0.8134975218908788,0.780670726140738,0.21932927385926154
0.11034576368898905,0.889654236311011,0.9275265492074016,0.0724734507925984,0.18650247810912174,0.81349753679204,0.780670726140738,0.21932927385926154
0.11034576368898905,0.889654236311011,0.9275265492074016,0.0724734507925984,0.18650247810912174,0.8134975218908788,0.7806707410418992,0.21932927385926154
0.11034576368898905,0.889654236311011,0.9275265492074016,0.0724734507925984,0.18650247810912174,0.8134975218908788,0.780670726140738,0.21932928876042274
0.0902321795850761,0.909767820414924,0.9348981866000867,0.0651018133999133,0.09920493543917555,0.9007950645608245,0.8992710735870296,0.10072892641297031
0.09023219448623729,0.909767820414924,0.9348981866000867,0.0651018133999133,0.09920493543917555,0.9007950645608245,0.8992710735870296,0.10072892641297031
0.0902321795850761,0.9097678353160852,0.9348981866000867,0.0651018133999133,0.09920493543917555,0.9007950645608245,0.8992710735870296,0.10072892641297031
0.0902321795850761,0.909767820414924,0.9348982015012479,0.0651018133999133,0.09920493543917555,0.9007950645608245,0.8992710735870296,0.10072892641297031
0.0902321795850761,0.909767820414924,0.9348981866000867,0.0651018283010745,0.09920493543917555,0.9007950645608245,0.8992710735870296,0.10072892641297031
0.0902321795850761,0.909767820414924,0.9348981866000867,0.0651018133999133,0.09920495034033674,0.9007950645608245,0.8992710735870296,0.10072892641297031
0.0902321795850761,0.909767820414924,0.9348981866000867,0.0651018133999133,0.09920493543917555,0.9007950794619857,0.8992710735870296,0.10072892641297031
0.0902321795850761,0.909767820414924,0.9348981866000867,0.0651018133999133,0.09920493543917555,0.9007950645608245,0.8992710884881908,0.10072892641297031
0.0902321795850761,0.909767820414924,0.9348981866000867,0.0651018133999133,0.09920493543917555,0.9007950645608245,0.8992710735870296,0.1007289413141315
0.04173776583811668,0.9582622341618834,0.9576234123275785,0.04237658767242154,0.035269964298069764,0.9647300357019303,0.965370966545557,0.034629033454443056
0.04173778073927788,0.9582622341618834,0.9576234123275785,0.04237658767242154,0.035269964298069764,0.9647300357019303,0.965370966545557,0.034629033454443056
0.04173776583811668,0.9582622490630446,0.9576234123275785,0.04237658767242154,0.035269964298069764,0.9647300357019303,0.965370966545557,0.034629033454443056
0.04173776583811668,0.9582622341618834,0.9576234272287397,0.04237658767242154,0.035269964298069764,0.9647300357019303,0.965370966545557,0.034629033454443056
0.04173776583811668,0.9582622341618834,0.9576234123275785,0.042376602573582736,0.035269964298069764,0.9647300357019303,0.965370966545557,0.034629033454443056
0.04173776583811668,0.9582622341618834,0.9576234123275785,0.04237658767242154,0.03526997919923096,0.9647300357019303,0.965370966545557,0.034629033454443056
0.04173776583811668,0.9582622341618834,0.9576234123275785,0.04237658767242154,0.035269964298069764,0.9647300506030915,0.965370966545557,0.034629033454443056
0.04173776583811668,0.9582622341618834,0.9576234123275785,0.04237658767242154,0.035269964298069764,0.9647300357019303,0.9653709814467182,0.034629033454443056
0.04173776583811668,0.9582622341618834,0.9576234123275785,0.04237658767242154,0.035269964298069764,0.9647300357019303,0.965370966545557,0.03462904835560425
0.017280433653524583,0.9827195663464755,0.9830913048302322,0.01690869516976788,0.020412641117962066,0.979587358882038,0.9794430743077959,0.020556925692204214
0.017280448554685777,0.9827195663464755,0.9830913048302322,0.01690869516976788,0.020412641117962066,0.979587358882038,0.9794430743077959,0.020556925692204214
0.017280433653524583,0.9827195812476367,0.9830913048302322,0.01690869516976788,0.020412641117962066,0.979587358882038,0.9794430743077959,0.020556925692204214
0.017280433653524583,0.9827195663464755,0.9830913197313934,0.01690869516976788,0.020412641117962066,0.979587358882038,0.9794430743077959,0.020556925692204214
0.017280433653524583,0.9827195663464755,0.9830913048302322,0.016908710070929076,0.020412641117962066,0.979587358882038,0.9794430743077959,0.020556925692204214
0.017280433653524583,0.9827195663464755,0.9830913048302322,0.01690869516976788,0.02041265601912326,0.979587358882038,0.9794430743077959,0.020556925692204214
0.017280433653524583,0.9827195663464755,0.9830913048302322,0.01690869516976788,0.020412641117962066,0.9795873737831992,0.9794430743077959,0.020556925692204214
0.017280433653524583,0.9827195663464755,0.9830913048302322,0.01690869516976788,0.020412641117962066,0.979587358882038,0.9794430892089571,0.020556925692204214
0.017280433653524583,0.9827195663464755,0.9830913048302322,0.01690869516976788,0.020412641117962066,0.979587358882038,0.9794430743077959,0.020556940593365408
0.00544041408778053,0.9945595859122196,0.99436828308231,0.005631716917690143,0.0031471657586978653,0.9968528342413021,0.9969770060083947,0.003022993991605369
0.005440428988941724,0.9945595859122196,0.99436828308231,0.005631716917690143,0.0031471657586978653,0.9968528342413021,0.9969770060083947,0.003022993991605369
0.00544041408778053,0.9945596008133808,0.99436828308231,0.005631716917690143,0.0031471657586978653,0.9968528342413021,0.9969770060083947,0.003022993991605369
0.00544041408778053,0.9945595859122196,0.9943682979834711,0.005631716917690143,0.0031471657586978653,0.9968528342413021,0.9969770060083947,0.003022993991605369
0.00544041408778053,0.9945595859122196,0.99436828308231,0.005631731818851337,0.0031471657586978653,0.9968528342413021,0.9969770060083947,0.003022993991605369
0.00544041408778053,0.9945595859122196,0.99436828308231,0.005631716917690143,0.003147180659859059,0.9968528342413021,0.9969770060083947,0.003022993991605369
0.00544041408778053,0.9945595859122196,0.99436828308231,0.005631716917690143,0.0031471657586978653,0.9968528491424633,0.9969770060083947,0.003022993991605369
0.00544041408778053,0.9945595859122196,0.99436828308231,0.005631716917690143,0.0031471657586978653,0.9968528342413021,0.9969770209095559,0.003022993991605369
0.00544041408778053,0.9945595859122196,0.99436828308231,0.005631716917690143,0.0031471657586978653,0.9968528342413021,0.9969770060083947,0.0030230088927665627
0.00031023513665837023,0.9996897648633415,0.9998906234145317,0.00010937658546843025,0.0016077819739758075,0.9983922180260242,0.9983822251016837,0.0016177748983162664
0.0003102500378195641,0.9996897648633415,0.9998906234145317,0.00010937658546843025,0.0016077819739758075,0.9983922180260242,0.9983822251016837,0.0016177748983162664
0.00031023513665837023,0.9996897797645027,0.9998906234145317,0.00010937658546843025,0.0016077819739758075,0.9983922180260242,0.9983822251016837,0.0016177748983162664
0.00031023513665837023,0.9996897648633415,0.9998906383156929,0.00010937658546843025,0.0016077819739758075,0.9983922180260242,0.9983822251016837,0.0016177748983162664
0.00031023513665837023,0.9996897648633415,0.9998906234145317,0.0001093914866296241,0.0016077819739758075,0.9983922180260242,0.9983822251016837,0.0016177748983162664
0.00031023513665837023,0.9996897648633415,0.9998906234145317,0.00010937658546843025,0.0016077968751370014,0.9983922180260242,0.9983822251016837,0.0016177748983162664
0.00031023513665837023,0.9996897648633415,0.9998906234145317,0.00010937658546843025,0.0016077819739758075,0.9983922329271854,0.9983822251016837,0.0016177748983162664
0.00031023513665837023,0.9996897648633415,0.9998906234145317,0.00010937658546843025,0.0016077819739758075,0.9983922180260242,0.9983822400028449,0.0016177748983162664
0.00031023513665837023,0.9996897648633415,0.9998906234145317,0.00010937658546843025,0.0016077819739758075,0.9983922180260242,0.9983822251016837,0.0016177897994774603
0.0009107864151243174,0.9990892135848783,0.99950434432423,0.0004956556757699634,0.0006228218488736441,0.9993771781511287,0.9993193034248493,0.0006806965751506903
0.0009108013162855113,0.9990892135848783,0.99950434432423,0.0004956556757699634,0.0006228218488736441,0.9993771781511287,0.9993193034248493,0.0006806965751506903
0.0009107864151243174,0.9990892284860395,0.99950434432423,0.0004956556757699634,0.0006228218488736441,0.9993771781511287,0.9993193034248493,0.0006806965751506903
0.0009107864151243174,0.9990892135848783,0.9995043592253912,0.0004956556757699634,0.0006228218488736441,0.9993771781511287,0.9993193034248493,0.0006806965751506903
0.0009107864151243174,0.9990892135848783,0.99950434432423,0.0004956705769311573,0.0006228218488736441,0.9993771781511287,0.9993193034248493,0.0006806965751506903
0.0009107864151243174,0.9990892135848783,0.99950434432423,0.0004956556757699634,0.0006228367500348379,0.9993771781511287,0.9993193034248493,0.0006806965751506903
0.0009107864151243174,0.9990892135848783,0.99950434432423,0.0004956556757699634,0.0006228218488736441,0.9993771930522899,0.9993193034248493,0.0006806965751506903
0.0009107864151243174,0.9990892135848783,0.99950434432423,0.0004956556757699634,0.0006228218488736441,0.9993771781511287,0.9993193183260105,0.0006806965751506903
0.0009107864151243174,0.9990892135848783,0.99950434432423,0.0004956556757699634,0.0006228218488736441,0.9993771781511287,0.9993193034248493,0.0006807114763118841
4.553932075669056e-06,0.9999954460679243,0.9997359276250055,0.0002640723749945604,0.00023118110915940895,0.9997688188908405,0.9997974163702465,0.00020258362975350124
4.568833236862904e-06,0.9999954460679243,0.9997359276250055,0.0002640723749945604,0.00023118110915940895,0.9997688188908405,0.9997974163702465,0.00020258362975350124
4.553932075669056e-06,0.9999954609690855,0.9997359276250055,0.0002640723749945604,0.00023118110915940895,0.9997688188908405,0.9997974163702465,0.00020258362975350124
4.553932075669056e-06,0.9999954460679243,0.9997359425261667,0.0002640723749945604,0.00023118110915940895,0.9997688188908405,0.9997974163702465,0.00020258362975350124
4.553932075669056e-06,0.9999954460679243,0.9997359276250055,0.0002640872761557542,0.00023118110915940895,0.9997688188908405,0.9997974163702465,0.00020258362975350124
4.553932075669056e-06,0.9999954460679243,0.9997359276250055,0.0002640723749945604,0.0002311960103206028,0.9997688188908405,0.9997974163702465,0.00020258362975350124
4.553932075669056e-06,0.9999954460679243,0.9997359276250055,0.0002640723749945604,0.00023118110915940895,0.9997688337920017,0.9997974163702465,0.00020258362975350124
4.553932075669056e-06,0.9999954460679243,0.9997359276250055,0.0002640723749945604,0.00023118110915940895,0.9997688188908405,0.9997974312714077,0.00020258362975350124
4.553932075669056e-06,0.9999954460679243,0.9997359276250055,0.0002640723749945604,0.00023118110915940895,0.9997688188908405,0.9997974163702465,0.0002025985309146951
